Data Science in Hyderabad,,,
,Which institute is best for data science in Hyderabad?,,
,,Is data science a stressful job?,
,,,Is data science a boring job?
,,,How much do data scientist earn?
,,,Can data scientists become CEO?
,,,Is data science a fun job?
,,Can I teach myself Data Science?,
,,,How fast can I learn data science?
,,,How do I start a data science from scratch?
,,,How do I start a data science career?
,,,Can I learn data science without programming?
,,Is data science a good career?,
,,,Do data scientist work from home?
,,,Why do data scientists quit?
,,,How do I start a career in data science?
,,,What is the future of data science?
,,How long is data science course?,
,,,How do I start learning data science?
,,,Can we do data science after 12th?
,,,Is there any age limit for data scientist?
,What is the fees for data science course?,,
,,Who is eligible for data science?,
,,,How can I become a data scientist in 6 months?
,,,Is R or Python better for data science?
,,What is data science eligibility?,
,,,Which computer course is best for high salary?
,,Can a BCOM student become data scientist?,
,,,Can a non science student become data scientist?
,,,Can we do data science after 12th commerce?
,,,How can I become a data scientist after 10th?
,,,Is Python useful for commerce students?
,,What is data science syllabus?,
,,,How do I become a data scientist step by step?
,Which institute is best for data science?,,
,,What is data science course eligibility?,
,,,Who can study data science?
,,Is Edvancer good for data science?,
,,,Which is the best data science course in India?
,,,How good is Edvancer?
,,,Which is the best institute for data science in India?
,,,How is Ineuron course Quora?
,,Is Data Science worth it in India?,
,,,What is the salary of data scientist in India per month?
,,,Which is better MBA or data science?
,,,Who earns more software engineer or data scientist?
,,,Which country pays highest salary to data scientist?
,,What is the fees for data science course in India?,
,,,Which course is best for data analysis?
,Which course is best in Hyderabad?,,
,,Which course is best for placement?,
,,,What career can I get in 3 months?
,,,Which course is best for high salary?
,,,What career can I get in 6 months?
,,,Which stream has more salary?
,,Which institute is best for Python in Hyderabad?,
,,,How do I get certified in Python?
,,What are the qualification for fashion designer?,
,,,What is the salary of fashion designer in India per month?
,,,Is fashion designing easy?
,,,How can I start my career after 12th in fashion?
,,,How do I start my career in fashion designing?
,,Which subject is best for fashion designing?,
,,,Which stream is best for future?
,,,How do I start a career in fashion?
,,,How much do fashion designers earn?